Workbook

Sheet Decision Summary
B2: SmartCross Violation Catalogue Decision Workbook
B3: Purpose: help select distinct, setting-specific violation profiles for Normal and School crossings without changing the deployed simulator.
B4: Recommended direction: keep 20 core violations for each scenario, redesign their triggers and motion profiles by setting, and classify collisions or fires separately as emergency hazards.
B6: Current Normal violations | C6: Current School violations | D6: Shared profiles | E6: Identical shared motions | F6: Proposed Normal | G6: Proposed School | H6: Core approved | I6: Core pending
B7: 19 | C7: 20 | D7: 19 | E7: 17 | F7: 20 | G7: 20 | H7: =COUNTIF('Normal Proposals'!$J$7:$J$26,"Approve")+COUNTIF('School Proposals'!$J$7:$J$26,"Approve") -> 0 | I7: =COUNTIF('Normal Proposals'!$J$7:$J$26,"Pending")+COUNTIF('School Proposals'!$J$7:$J$26,"Pending") -> 40
B9: Current catalogue audit
B10: Finding | C10: Evidence | D10: Effect | E10: Recommended decision
B11: Most profiles are copied across settings | C11: 17 of 19 shared profiles use identical motion (89.5%). | D11: The School scenario often behaves like the Normal scenario with different scenery. | E11: Adopt separate Normal and School catalogues with unique triggers, road users and paths.
B12: Only two shared profiles have minor differences | C12: Speeding changes one speed value; vulnerable-user conflict changes elderly pedestrian to child. | D12: The behavioural distinction is too small to explain setting-specific risk. | E12: Rewrite both sequence logic and explanatory text for each setting.
B13: School-only violation 17 creates unequal lists | C13: Normal has 19 violations; School has 20. | D13: Numbering and comparison are confusing. | E13: Give Normal a replacement local-road profile and reserve school-zone controls for School.
B14: Collision and fire are outcomes, not ordinary violations | C14: Current items 19 and 20 describe emergency events. | D14: The catalogue mixes causative behaviour with consequences. | E14: Move them to a separate Emergency Hazards category.
B17: Decision status (updates when Excel recalculates)
B18: Catalogue | C18: Approve | D18: Revise | E18: Reject | F18: Pending | G18: Total | H18: Completion | I18: Status
B19: Normal | C19: =COUNTIF('Normal Proposals'!$J$7:$J$26,"Approve") -> 0 | D19: =COUNTIF('Normal Proposals'!$J$7:$J$26,"Revise") -> 0 | E19: =COUNTIF('Normal Proposals'!$J$7:$J$26,"Reject") -> 0 | F19: =COUNTIF('Normal Proposals'!$J$7:$J$26,"Pending") -> 20 | G19: 20 | H19: =IFERROR((C19+D19+E19)/G19,0) -> 0 | I19: =IF(F19=0,"Complete","Decision required") -> Decision required
B20: School | C20: =COUNTIF('School Proposals'!$J$7:$J$26,"Approve") -> 0 | D20: =COUNTIF('School Proposals'!$J$7:$J$26,"Revise") -> 0 | E20: =COUNTIF('School Proposals'!$J$7:$J$26,"Reject") -> 0 | F20: =COUNTIF('School Proposals'!$J$7:$J$26,"Pending") -> 20 | G20: 20 | H20: =IFERROR((C20+D20+E20)/G20,0) -> 0 | I20: =IF(F20=0,"Complete","Decision required") -> Decision required
B21: Emergency hazards | C21: =COUNTIF('Emergency Hazards'!$G$7:$G$12,"Approve") -> 0 | D21: =COUNTIF('Emergency Hazards'!$G$7:$G$12,"Revise") -> 0 | E21: =COUNTIF('Emergency Hazards'!$G$7:$G$12,"Reject") -> 0 | F21: =COUNTIF('Emergency Hazards'!$G$7:$G$12,"Pending") -> 6 | G21: 6 | H21: =IFERROR((C21+D21+E21)/G21,0) -> 0 | I21: =IF(F21=0,"Complete","Decision required") -> Decision required

Sheet Normal Proposals
B2: Normal Proposals: proposed catalogue
B3: Recommended 20-item catalogue for an ordinary mid-block local-road crossing.
B4: Decision instruction: select Approve, Revise or Reject in column I. Add any wording or sequence changes in column J.
B6: ID | C6: Proposed violation | D6: Scenario trigger / context | E6: Primary road user | F6: Affected pedestrian | G6: Distinct simulation motion | H6: Category | I6: Priority | J6: Decision | K6: Decision notes | L6: Final status
B7: N01 | C7: Failure to yield to a pedestrian already on the zebra crossing | D7: Pedestrian has entered the marked crossing during an authorised WALK phase. | E7: Vehicle A or B | F7: Adult pedestrian | G7: Vehicle approaches, fails to yield and enters the occupied zebra crossing. | H7: Violation | I7: High | J7: Pending | L7: =IF(J7="Approve","Include",IF(J7="Reject","Exclude",IF(J7="Revise","Revise","Pending"))) -> Pending
B8: N02 | C8: Excessive approach speed in the crossing zone | D8: Measured speed exceeds the configured local-road threshold before the crossing. | E8: Vehicle A or B | F8: Any pedestrian | G8: Show a clear high-speed approach, late detection and increased stopping distance. | H8: Violation | I8: High | J8: Pending | L8: =IF(J8="Approve","Include",IF(J8="Reject","Exclude",IF(J8="Revise","Revise","Pending"))) -> Pending
B9: N03 | C9: Red-signal violation | D9: Vehicle signal is RED while the pedestrian movement is protected. | E9: Vehicle A or B | F9: Any pedestrian | G9: Vehicle crosses its stop line and proceeds through the controlled crossing. | H9: Violation | I9: High | J9: Pending | L9: =IF(J9="Approve","Include",IF(J9="Reject","Exclude",IF(J9="Revise","Revise","Pending"))) -> Pending
B10: N04 | C10: Stop-line encroachment without entering the zebra crossing | D10: Vehicle stops beyond the stop line but before the first zebra stripe. | E10: Vehicle A or B | F10: Waiting pedestrian | G10: Vehicle creeps forward, crosses the stop line and remains stationary in the buffer area. | H10: Violation | I10: Medium | J10: Pending | L10: =IF(J10="Approve","Include",IF(J10="Reject","Exclude",IF(J10="Revise","Revise","Pending"))) -> Pending
B11: N05 | C11: Vehicle stopped on the zebra crossing | D11: Queueing or poor anticipation leaves the crossing obstructed. | E11: Vehicle A or B | F11: Crossing pedestrian | G11: Vehicle enters and remains stationary on the zebra stripes; no reverse movement. | H11: Violation | I11: High | J11: Pending | L11: =IF(J11="Approve","Include",IF(J11="Reject","Exclude",IF(J11="Revise","Revise","Pending"))) -> Pending
B12: N06 | C12: Parking over the kerb ramp or tactile route | D12: A parked vehicle blocks the accessible route at the crossing edge. | E12: Vehicle A or B | F12: Wheelchair user or pedestrian with visual impairment | G12: Vehicle pulls into the kerbside obstruction point and stops across the accessible path. | H12: Violation | I12: High | J12: Pending | L12: =IF(J12="Approve","Include",IF(J12="Reject","Exclude",IF(J12="Revise","Revise","Pending"))) -> Pending
B13: N07 | C13: Overtaking a vehicle that has yielded at the crossing | D13: One vehicle is correctly stopped for a pedestrian; another passes it. | E13: Vehicle B | F13: Crossing pedestrian | G13: Vehicle A stops near the line; Vehicle B overtakes and enters the conflict area. | H13: Violation | I13: High | J13: Pending | L13: =IF(J13="Approve","Include",IF(J13="Reject","Exclude",IF(J13="Revise","Revise","Pending"))) -> Pending
B14: N08 | C14: Motorcycle filtering past a stopped queue | D14: Traffic is stopped to protect a pedestrian crossing movement. | E14: Motorcycle | F14: Crossing pedestrian | G14: Motorcycle filters forward and continues across the stop line without reversing. | H14: Violation | I14: High | J14: Pending | L14: =IF(J14="Approve","Include",IF(J14="Reject","Exclude",IF(J14="Revise","Revise","Pending"))) -> Pending
B15: N09 | C15: Motorcycle using the footway or pedestrian route | D15: Rider bypasses road congestion by entering pedestrian space. | E15: Motorcycle | F15: Footway user | G15: Motorcycle diverts from the carriageway onto the footway and passes the crossing entrance. | H15: Violation | I15: High | J15: Pending | L15: =IF(J15="Approve","Include",IF(J15="Reject","Exclude",IF(J15="Revise","Revise","Pending"))) -> Pending
B16: N10 | C16: Wrong-direction approach | D16: Vehicle travels against the intended traffic direction near the crossing. | E16: Vehicle A or B | F16: Any pedestrian | G16: Vehicle enters from the opposing direction and approaches the conflict zone head-on. | H16: Violation | I16: High | J16: Pending | L16: =IF(J16="Approve","Include",IF(J16="Reject","Exclude",IF(J16="Revise","Revise","Pending"))) -> Pending
B17: N11 | C17: Opposing-lane queue bypass | D17: Driver uses the opposing lane to pass a queue at the crossing. | E17: Vehicle A or B | F17: Crossing pedestrian | G17: Vehicle moves laterally into the opposing lane, passes the queue and reaches the crossing. | H17: Violation | I17: High | J17: Pending | L17: =IF(J17="Approve","Include",IF(J17="Reject","Exclude",IF(J17="Revise","Revise","Pending"))) -> Pending
B18: N12 | C18: Unsafe lane change on the crossing approach | D18: Driver changes lane inside the marked detection or approach zone. | E18: Vehicle A or B | F18: Waiting pedestrian | G18: Vehicle changes lane rapidly while approaching, reducing visibility and reaction time. | H18: Violation | I18: Medium | J18: Pending | L18: =IF(J18="Approve","Include",IF(J18="Reject","Exclude",IF(J18="Revise","Revise","Pending"))) -> Pending
... B26: N20 | C26: Vehicle mounting the kerb or footway near the crossing | D26: Loss of control or deliberate avoidance places the vehicle in pedestrian space. | E26: Vehicle A | F26: Footway user | G26: Vehicle leaves the carriageway, mounts the kerb and stops at the infrastructure conflict point. | H26: Violation | I26: High | J26: Pending | L26: =IF(J26="Approve","Include",IF(J26="Reject","Exclude",IF(J26="Revise","Revise","Pending"))) -> Pending

Sheet School Proposals
B2: School Proposals: proposed catalogue
B3: Recommended 20-item catalogue for a school frontage, pupil route and active school-zone controls.
B4: Decision instruction: select Approve, Revise or Reject in column I. Add any wording or sequence changes in column J.
B6: ID | C6: Proposed violation | D6: Scenario trigger / context | E6: Primary road user | F6: Affected pedestrian | G6: Distinct simulation motion | H6: Category | I6: Priority | J6: Decision | K6: Decision notes | L6: Final status
B7: S01 | C7: Exceeding the active school-zone speed limit | D7: School-zone controls are active during pupil arrival or departure. | E7: Vehicle A or B | F7: Pupils | G7: Vehicle enters the school frontage above the configured school-zone threshold. | H7: Violation | I7: High | J7: Pending | L7: =IF(J7="Approve","Include",IF(J7="Reject","Exclude",IF(J7="Revise","Revise","Pending"))) -> Pending
B8: S02 | C8: Failure to yield to a supervised group of pupils | D8: A group is crossing under staff or guardian supervision. | E8: Vehicle A or B | F8: Pupil group | G8: Both vehicles should stop near their marked stop points; the violating vehicle then advances into the protected movement. | H8: Violation | I8: High | J8: Pending | L8: =IF(J8="Approve","Include",IF(J8="Reject","Exclude",IF(J8="Revise","Revise","Pending"))) -> Pending
B9: S03 | C9: Red-signal breach during a pupil crossing call | D9: The pupil call has activated the protected school crossing phase. | E9: Vehicle A or B | F9: Pupils | G9: Vehicle crosses the stop line while the school crossing signal is RED. | H9: Violation | I9: High | J9: Pending | L9: =IF(J9="Approve","Include",IF(J9="Reject","Exclude",IF(J9="Revise","Revise","Pending"))) -> Pending
B10: S04 | C10: Stop-line encroachment into the pupil crossing envelope | D10: Vehicle stops beyond the line and reduces the pupil waiting or visibility area. | E10: Vehicle A or B | F10: Waiting pupils | G10: Vehicle creeps beyond the line and remains stationary before the zebra stripes. | H10: Violation | I10: Medium | J10: Pending | L10: =IF(J10="Approve","Include",IF(J10="Reject","Exclude",IF(J10="Revise","Revise","Pending"))) -> Pending
B11: S05 | C11: Stopping or parking on the school zebra crossing | D11: Drop-off activity blocks the marked pupil route. | E11: Vehicle A or B | F11: Pupils | G11: Vehicle enters and remains stationary on the zebra crossing. | H11: Violation | I11: High | J11: Pending | L11: =IF(J11="Approve","Include",IF(J11="Reject","Exclude",IF(J11="Revise","Revise","Pending"))) -> Pending
B12: S06 | C12: Blocking the school-gate pedestrian route | D12: A vehicle obstructs the direct route between the gate and crossing. | E12: Vehicle A or B | F12: Pupils and guardians | G12: Vehicle pulls into the gate frontage and stops across the designated walking route. | H12: Violation | I12: High | J12: Pending | L12: =IF(J12="Approve","Include",IF(J12="Reject","Exclude",IF(J12="Revise","Revise","Pending"))) -> Pending
B13: S07 | C13: Blocking the tactile or accessible pupil route | D13: A vehicle obstructs the kerb ramp or tactile guidance used by pupils. | E13: Vehicle A or B | F13: Pupil with mobility or visual impairment | G13: Vehicle stops over the accessible route and prevents safe entry to the crossing. | H13: Violation | I13: High | J13: Pending | L13: =IF(J13="Approve","Include",IF(J13="Reject","Exclude",IF(J13="Revise","Revise","Pending"))) -> Pending
B14: S08 | C14: Double parking in the school drop-off lane | D14: A second vehicle stops alongside an occupied kerbside bay. | E14: Vehicle B | F14: Pupils | G14: Vehicle pulls alongside Vehicle A and creates a screened pedestrian emergence point. | H14: Violation | I14: High | J14: Pending | L14: =IF(J14="Approve","Include",IF(J14="Reject","Exclude",IF(J14="Revise","Revise","Pending"))) -> Pending
B15: S09 | C15: Unauthorised stopping in the school-bus bay | D15: Private vehicle occupies the designated bus loading area. | E15: Vehicle A or B | F15: Bus passengers | G15: Vehicle enters the school-bus bay and remains stationary during operating hours. | H15: Violation | I15: Medium | J15: Pending | L15: =IF(J15="Approve","Include",IF(J15="Reject","Exclude",IF(J15="Revise","Revise","Pending"))) -> Pending
B16: S10 | C16: Passenger drop-off on the traffic-facing side | D16: A pupil exits directly into the active traffic lane. | E16: Vehicle A or B | F16: Pupil passenger | G16: Vehicle stops; pupil movement begins from the traffic-facing side into the carriageway conflict area. | H16: Violation | I16: High | J16: Pending | L16: =IF(J16="Approve","Include",IF(J16="Reject","Exclude",IF(J16="Revise","Revise","Pending"))) -> Pending
B17: S11 | C17: Reversing through the school frontage | D17: Driver reverses within the pupil arrival or departure zone. | E17: Vehicle A | F17: Pupils | G17: Vehicle moves backwards along the gate frontage toward the pedestrian route. | H17: Violation | I17: High | J17: Pending | L17: =IF(J17="Approve","Include",IF(J17="Reject","Exclude",IF(J17="Revise","Revise","Pending"))) -> Pending
B18: S12 | C18: U-turn immediately outside the school gate | D18: Driver turns across the school frontage and pupil route. | E18: Vehicle A | F18: Pupils | G18: Use a slow, smooth curved path that clearly follows the marked U-turn trajectory. | H18: Violation | I18: High | J18: Pending | L18: =IF(J18="Approve","Include",IF(J18="Reject","Exclude",IF(J18="Revise","Revise","Pending"))) -> Pending
... B26: S20 | C26: Parking that conceals a child from approaching drivers | D26: A parked vehicle blocks sight lines to a child at the crossing edge. | E26: Vehicle A or B | F26: Child pedestrian | G26: Parked vehicle occupies the visibility zone; child emergence is shown only after the view is obstructed. | H26: Violation | I26: High | J26: Pending | L26: =IF(J26="Approve","Include",IF(J26="Reject","Exclude",IF(J26="Revise","Revise","Pending"))) -> Pending

Sheet Current Comparison
B2: Current implementation comparison
B3: Audit inventory showing where the Normal and School profiles are copied, weakly differentiated or scenario-specific.
B4: Interpretation: identical motion means the actor path and sequence are effectively shared. This sheet supports the redesign decision; it is not a legal determination.
B6: No. | C6: Current label | D6: Normal | E6: School | F6: Motion comparison | G6: Observed difference | H6: Audit classification | I6: Recommendation
B7: 1 | C7: Crossing-zone speeding | D7: Available | E7: Available | F7: Minor numeric difference | G7: School speed value differs | H7: Weak differentiation | I7: Retain the topic but define separate local-road and active school-zone thresholds.
B8: 2 | C8: Red-signal violation | D8: Available | E8: Available | F8: Identical | G8: Same shared motion profile | H8: Copied profile | I8: Replace or rewrite so the trigger, actor and motion reflect the selected setting.
B9: 3 | C9: Failure to yield | D9: Available | E9: Available | F9: Identical | G9: Same shared motion profile | H9: Copied profile | I9: Replace or rewrite so the trigger, actor and motion reflect the selected setting.
B10: 4 | C10: Stopped on zebra crossing | D10: Available | E10: Available | F10: Identical | G10: Same shared motion profile | H10: Copied profile | I10: Replace or rewrite so the trigger, actor and motion reflect the selected setting.
B11: 5 | C11: Accessibility obstruction | D11: Available | E11: Available | F11: Identical | G11: Same shared motion profile | H11: Copied profile | I11: Replace or rewrite so the trigger, actor and motion reflect the selected setting.
B12: 6 | C12: Motorcycle filtering | D12: Available | E12: Available | F12: Identical | G12: Same shared motion profile | H12: Copied profile | I12: Replace or rewrite so the trigger, actor and motion reflect the selected setting.
B13: 7 | C13: Premature pedestrian movement | D13: Available | E13: Available | F13: Identical | G13: Same shared motion profile | H13: Copied profile | I13: Replace or rewrite so the trigger, actor and motion reflect the selected setting.
B14: 8 | C14: Unsafe overtaking | D14: Available | E14: Available | F14: Identical | G14: Same shared motion profile | H14: Copied profile | I14: Replace or rewrite so the trigger, actor and motion reflect the selected setting.
B15: 9 | C15: Wrong-way approach | D15: Available | E15: Available | F15: Identical | G15: Same shared motion profile | H15: Copied profile | I15: Replace or rewrite so the trigger, actor and motion reflect the selected setting.
B16: 10 | C16: Opposing-lane bypass | D16: Available | E16: Available | F16: Identical | G16: Same shared motion profile | H16: Copied profile | I16: Replace or rewrite so the trigger, actor and motion reflect the selected setting.
B17: 11 | C17: Unsafe lane change | D17: Available | E17: Available | F17: Identical | G17: Same shared motion profile | H17: Copied profile | I17: Replace or rewrite so the trigger, actor and motion reflect the selected setting.
B18: 12 | C18: Tailgating | D18: Available | E18: Available | F18: Identical | G18: Same shared motion profile | H18: Copied profile | I18: Replace or rewrite so the trigger, actor and motion reflect the selected setting.
... B26: 20 | C26: Vehicle fire event | D26: Available | E26: Available | F26: Identical | G26: Same fire sequence | H26: Emergency outcome | I26: Move to the Emergency Hazards sheet; do not count as an ordinary traffic violation.

Sheet Emergency Hazards
B2: Emergency hazards and outcomes
B3: Optional separate catalogue for collision, fire, breakdown, medical and control-system emergencies.
B4: These are recommended as emergency outcomes or operational hazards, not ordinary traffic-violation selections.
B6: ID | C6: Suggested hazard | D6: Sequence distinction | E6: Category | F6: Priority | G6: Decision | H6: Decision notes | I6: Final status
B7: E01 | C7: Pedestrian collision | D7: Vehicle and pedestrian move to the zebra-crossing conflict point; the alarm and red impact marker appear only after contact. | E7: Emergency outcome | F7: High | G7: Pending | I7: =IF(G7="Approve","Include",IF(G7="Reject","Exclude",IF(G7="Revise","Revise","Pending"))) -> Pending
B8: E02 | C8: Collision with crossing-signal infrastructure | D8: Vehicle A follows a defined path and collides with the traffic-light pole; the alarm and impact marker appear after contact. | E8: Emergency outcome | F8: High | G8: Pending | I8: =IF(G8="Approve","Include",IF(G8="Reject","Exclude",IF(G8="Revise","Revise","Pending"))) -> Pending
B9: E03 | C9: Vehicle fire, smoke or explosion | D9: A stationary or crashed vehicle develops smoke or fire and triggers the emergency-response sequence. | E9: Emergency outcome | F9: High | G9: Pending | I9: =IF(G9="Approve","Include",IF(G9="Reject","Exclude",IF(G9="Revise","Revise","Pending"))) -> Pending
B10: E04 | C10: Stalled vehicle blocking the crossing | D10: Vehicle loses mobility and remains stopped on or near the pedestrian route. | E10: Operational hazard | F10: Medium | G10: Pending | I10: =IF(G10="Approve","Include",IF(G10="Reject","Exclude",IF(G10="Revise","Revise","Pending"))) -> Pending
B11: E05 | C11: Medical emergency on the crossing | D11: A pedestrian becomes immobile and the controller holds conflicting vehicle movements while assistance is requested. | E11: Operational hazard | F11: Medium | G11: Pending | I11: =IF(G11="Approve","Include",IF(G11="Reject","Exclude",IF(G11="Revise","Revise","Pending"))) -> Pending
B12: E06 | C12: Signal or controller failure | D12: Conflicting indications or loss of signal output triggers a fail-safe STOP state and maintenance alert. | E12: System hazard | F12: High | G12: Pending | I12: =IF(G12="Approve","Include",IF(G12="Reject","Exclude",IF(G12="Revise","Revise","Pending"))) -> Pending
